customer_id|first_name|last_name|email|address|city|state|postal_code|phone_number
1|Edward|Colon|sherrisantos@example.org|2226 Stephanie Estates Apt. 552, South Deborah, ID 89401|Port Kyle|New York|05612|365-847-0556x90766
2|Jared|Moore|nlarsen@example.net|699 Adams Vista Apt. 818, Port Wesley, WV 88768|Port Nicole|Georgia|36984|590.278.0767x711
3|Thomas|Smith|ufrederick@example.com|017 Liu Curve Suite 160, Larryview, NH 07864|West Anna|Massachusetts|29477|954.219.4315
4|Justin|Hale|npetersen@example.com|18672 Edward Motorway, Reginaldbury, IA 61547|East Michaelfurt|Utah|01961|470.855.8119
5|George|Foster|graykim@example.com|241 Anthony Mill Suite 572, Joanton, CO 06129|Staceytown|Rhode Island|45419|(958)808-8986x06784
6|Michael|Young|woodsandrew@example.com|3689 Scott Prairie Suite 683, Swansonview, CA 58026|North Robert|Washington|27091|(445)507-6481
7|Larry|Tran|ylyons@example.com|PSC 1396, Box 9148, APO AP 42353|Glennfort|North Carolina|78719|362.753.3207x961
8|Jesse|Jones|tammy67@example.com|024 Robinson Mill Suite 435, Lake Zachary, WI 54872|Lake Elizabeth|Mississippi|39844|001-916-993-8569x3929
9|Jake|Brewer|bernardhess@example.org|7518 Cynthia Estates Apt. 114, Joneston, MD 08160|West Marcusfort|New Jersey|24479|846.953.9801x88070
10|Michael|Garrison|amygonzalez@example.org|13904 Jacqueline Divide, Jeffreymouth, NE 17804|South Douglasfort|New Jersey|56460|5149350237
11|Bryan|Hall|sarahlopez@example.net|964 Sandra Place, Port Rebecca, OK 43563|Caseyburgh|Pennsylvania|74990|001-473-555-9642x894
12|Chad|Blair|kimberlycohen@example.net|0786 Arellano Port Apt. 553, Griffinmouth, NY 53547|East Ericstad|Nevada|54341|001-965-465-4124x38326
13|Earl|Preston|alexanderdaniel@example.org|2359 Thompson Overpass, Port Ashley, OR 39450|North Bryanstad|Idaho|25114|(805)727-2449
14|Sherry|Martin|angela03@example.net|93290 Dylan Inlet, North Christianburgh, MD 50265|Longbury|Oklahoma|83766|349-429-9564
15|Todd|Ingram|shaun88@example.net|03020 Jessica Cliff, New Cindyport, MD 89695|New Cindyfurt|Rhode Island|07561|748-933-9413x4263
16|Eduardo|Blake|cheyenneellis@example.net|4582 Dwayne Estates, North Christinefurt, MD 63856|East Karlafort|Wyoming|85335|(747)233-5220x338
17|Mallory|Chapman|yrobinson@example.com|91945 Torres Path Suite 753, West Donaldview, MT 42019|South Christineland|Minnesota|59165|001-305-371-3247x388
18|Tiffany|Jackson|plindsey@example.org|PSC 4817, Box 5191, APO AA 76008|Rosstown|Montana|94567|(503)207-4372x28142
19|Melissa|Skinner|curtis42@example.org|40290 Huffman Wall Apt. 423, South Jeff, WI 32668|Garciaville|Louisiana|10957|844.785.6912
20|Jerry|Roberts|yleon@example.net|816 Amanda Plain, Matthewsborough, CO 31572|East Amy|Tennessee|15491|+1-717-298-7328x098
21|Kristen|Watkins|ndunn@example.org|527 Norris Cove Suite 244, Jacobview, MA 07884|Hendersonland|California|90778|+1-639-228-1691x9127
22|Nathan|Gibson|alexander46@example.com|7647 Hall Bypass, Thomasborough, WY 53045|Alvaradobury|Alabama|17624|(919)730-1973
23|Patricia|Wang|fgarza@example.net|USS Bell, FPO AE 09054|Lake Christinaburgh|Washington|59678|+1-736-493-6708x759
24|Mark|Soto|fergusonemily@example.com|7397 John Rue Suite 044, Payneton, ND 09173|Woodardchester|Vermont|32327|001-423-429-7110x374
25|Erin|Orr|danielwright@example.com|Unit 6587 Box 4851, DPO AE 81753|Lake Richardland|Colorado|84846|599.730.9543
26|David|Cole|xbishop@example.org|8223 Thomas Lodge, Hughesport, TN 13772|Hatfieldshire|Minnesota|22138|001-889-312-6865x15471
27|Justin|Gaines|npeterson@example.com|678 Doris Mission Apt. 536, North Cynthia, MI 70559|Martineztown|Arkansas|46084|417.603.0142x49289
28|Steven|Garcia|santiagoantonio@example.net|126 Salazar Cove Apt. 803, North Jacob, MO 29659|Jamesfurt|Texas|14804|2255441496
29|Jeremy|Armstrong|gilbertamber@example.org|24563 Priscilla Bridge, Andersonhaven, OR 91349|Shieldston|Kansas|75017|976.345.9822
30|Karen|Peterson|yrivers@example.org|USCGC Peters, FPO AA 91195|Oneillhaven|Wyoming|68072|+1-986-284-4390
31|Sabrina|Humphrey|yadams@example.net|163 Daniel Freeway, Tuckerview, PW 27307|Toddside|Pennsylvania|39930|676-672-2989
32|James|Lewis|angela95@example.net|1098 Faith Trail Suite 429, Portermouth, KY 65896|Davisport|Connecticut|10602|+1-900-448-9626x802
33|Deborah|Baker|william24@example.net|351 Alison Groves Apt. 757, Lake Larryborough, MN 67355|Lake Shelley|South Carolina|42331|+1-326-800-5425
34|Elizabeth|Atkinson|williamwoodward@example.net|1192 Dickson Isle Apt. 919, New Allisonbury, NV 42809|Port Jacobshire|Nebraska|91705|656-437-4723
35|Jessica|Chen|brandonreynolds@example.com|798 Kimberly Circles Apt. 526, North Ryan, MH 46814|Pratttown|Utah|82559|001-322-792-6282
36|Andrea|Mckinney|matthewparker@example.org|427 Serrano Rapids Apt. 907, Santostown, CA 29302|East Margaretshire|Massachusetts|35632|001-261-792-9900x25415
37|Mary|Hatfield|martinezhannah@example.net|PSC 6999, Box 6987, APO AP 45086|Conleyburgh|Georgia|05974|240-972-1824x8130
38|Raymond|Sullivan|kristinwright@example.org|1930 Mark Ramp, Patriciaberg, CA 95279|Lake Douglasfort|South Dakota|71413|722-371-6356x0902
39|Alexander|Marshall|byrdmargaret@example.org|752 Eric Corners, West Cameron, AZ 20510|South Brendatown|Minnesota|31083|001-564-265-8886x30238
40|Lauren|Pennington|rjohnson@example.org|6442 Gloria Pass Suite 802, Wesleybury, NV 22096|Flemingfurt|Ohio|02481|+1-630-737-5055x33543
41|Erika|Thompson|melissa84@example.net|56425 Amanda Mountains, East James, NY 77341|Port Ashley|Wyoming|65309|989-300-8654
42|David|Lopez|justin50@example.net|373 Timothy Ports Apt. 203, South Williamshire, FL 49770|East Shawnfort|Vermont|79937|(636)953-0911x9740
43|Elizabeth|Ochoa|austinmata@example.com|7636 Erin Plains, Port Phillip, CA 51043|West Paul|Connecticut|59311|692-674-7845x11538
44|Corey|Kennedy|amy38@example.com|145 Jennifer Road, Port Kellyton, KS 12262|Michaelville|Colorado|71032|816-892-0718x412
45|Charles|Harris|sjohnston@example.org|29343 Weaver Landing Apt. 383, Port Sarahborough, DC 08161|Christopherbury|Florida|73000|938-761-0031x7739
46|Michael|Bush|dawnfuentes@example.org|30995 Diaz Coves, Watkinsberg, CA 41699|Evansport|Hawaii|74446|653-536-1436
47|Sarah|Garcia|yrivera@example.com|8054 Torres Pines Apt. 064, Harperbury, MD 46898|Anthonymouth|South Dakota|56251|(500)345-7359x46641
48|Gerald|Foley|richardsonbryan@example.org|961 Campbell Union, Leahberg, ME 13956|West Steven|West Virginia|82418|001-297-282-9749
49|Barry|Collier|yreese@example.com|5830 Kristy Course, Lake Michelle, WA 23579|Amyberg|Utah|78101|001-327-717-0227x494
50|Robert|Gallegos|jerry85@example.com|527 Johnson Bypass, North Crystal, NH 66457|Gregoryland|New Hampshire|84468|211.729.6428x48830
51|Matthew|Cameron|wporter@example.com|218 Nancy Field Suite 344, Lake Amy, VT 89283|South Sarahport|Mississippi|38771|(555)502-3249x10488
52|Jessica|Beard|william22@example.org|221 Emily Trafficway, Stevensstad, NM 12532|Bryantview|Montana|86961|(768)569-3366
53|Andre|Ward|olewis@example.com|PSC 1819, Box 9023, APO AA 35006|Lake Alyssa|Washington|48334|6526936941
54|Donald|Gutierrez|lindsay96@example.net|9050 Mccormick Green Apt. 314, Halltown, AR 15869|Brittanyside|Colorado|39138|6848115715
55|Michael|Fernandez|kimberlymarshall@example.com|911 James Flat, Sheltonton, OH 12089|Jerryview|North Carolina|75831|(612)552-9283x7193
56|Kyle|Adams|elizabeth98@example.com|21761 Brown Cliffs Suite 425, West Tyler, NY 19424|Parkerhaven|Missouri|82357|715-689-7618x05208
57|Anthony|Jones|pricedenise@example.org|59761 Ryan Underpass, North Pamelabury, AZ 74302|Oliviaborough|South Dakota|08533|7537348657
58|Elizabeth|Morrow|erica33@example.net|7866 Sanders Burg Suite 740, North Samanthaside, NJ 22449|Reginaberg|Maryland|45384|+1-880-214-5267x140
59|Tara|Figueroa|matthew34@example.net|498 David Run Apt. 977, Markfurt, WI 09753|Sallyport|Hawaii|52868|(605)204-7169x177
60|Donald|Jones|yherman@example.com|Unit 7259 Box 5855, DPO AE 86394|Christopherland|Vermont|58702|001-479-509-7321x79075
61|Kimberly|Garcia|farias@example.org|109 Garcia Glens, East Zacharyfort, IL 21103|West Elizabeth|Rhode Island|36745|5582862155
62|Lindsay|Smith|davismary@example.org|53306 Rasmussen Mountains Suite 133, Chenville, WI 56813|Collinshaven|Nevada|86570|411.345.4660x37380
63|Shelly|Wilson|gjackson@example.org|601 Shirley Fields Apt. 613, Jamesborough, ID 15250|Maxwellchester|Washington|94035|284.540.7604
64|Cameron|Orr|melindapineda@example.com|388 Harris Haven Suite 129, Hughesland, IL 68829|West Dean|Virginia|23765|(268)470-7567x532
65|Jamie|Ray|dennismichelle@example.net|6974 Luis Lock Apt. 071, Josephbury, LA 00797|Hodgesview|Mississippi|90016|823-925-5871x4589
66|Dustin|Christensen|kelsey62@example.net|7926 Rogers Stream, Sierraberg, SD 47872|North Derrickbury|Colorado|30631|+1-436-343-6781x745
67|Jessica|Garcia|williamkim@example.org|82824 Sanchez Drive, West Danielleville, AL 67220|Manningburgh|Idaho|56551|682.877.7975
68|Brittany|Warner|greggthompson@example.com|255 Buchanan Rapid Apt. 135, Angelaville, IA 09655|Lake Meghanborough|Washington|24155|+1-201-563-2656x7725
69|Lisa|Mccoy|nrodriguez@example.net|6444 Ferrell Views Apt. 357, South Pennyhaven, AL 66783|Floresfort|Iowa|85158|926-880-8881x83869
70|Kristin|Hurley|jesseandrews@example.com|128 Terrell Green Apt. 181, East Jesse, PR 85628|Perezhaven|Iowa|09116|(491)387-1730
71|Natasha|Cameron|anna80@example.net|6543 Walker Place Apt. 032, West Carl, OK 95463|South Brian|Florida|97034|715-467-7031x89381
72|Juan|Bailey|hendersonthomas@example.com|PSC 7293, Box 4177, APO AA 77420|Kevinstad|Maryland|40841|(736)441-2158x78090
73|John|Duncan|wallacedebra@example.org|Unit 4138 Box 2063, DPO AE 11989|Robertsland|Pennsylvania|71943|001-376-439-8847x284
74|Shane|Downs|kimberly83@example.net|9866 Arthur Turnpike Apt. 680, South Justin, IL 92481|Higginston|Wisconsin|54217|381-825-7840x9208
75|Thomas|Lindsey|derek75@example.org|3396 Stevens Orchard, Matthewmouth, NH 08443|South Franciscoland|New Mexico|58542|+1-639-362-7921x621
76|Stephanie|Collins|allisonkhan@example.org|2942 Page Forest Suite 765, Meganbury, CT 19007|Sandraview|Connecticut|14210|739-709-0571x741
77|Jack|Wells|jacob95@example.net|7849 Sandra Heights, Nguyenville, WA 94107|Heidimouth|Arizona|09492|(284)301-5749
78|Karen|Perry|tinataylor@example.org|Unit 6949 Box 1545, DPO AA 19248|Roachburgh|Michigan|08019|(316)453-7235
79|Shannon|Lowe|traceyponce@example.com|8685 Aaron Squares Apt. 872, West Jennifer, CO 38517|West Heidi|New Hampshire|48423|001-325-300-8361x83025
80|Annette|Smith|andrew78@example.net|4093 Veronica Isle, Lake Sherrybury, AK 51545|Rossborough|Pennsylvania|55247|001-652-398-2553x678
81|Andrew|Gordon|sandra99@example.com|2681 Tran Forge, Lauraton, CO 58050|Port Amanda|Rhode Island|22449|+1-954-644-5752
82|James|Skinner|alexandra88@example.org|695 Owens Hills Suite 123, West Karina, DC 20097|Pittsbury|Wyoming|82216|+1-519-934-1662x77681
83|Michael|Jackson|adrian68@example.net|136 Jeffrey Causeway Apt. 413, New Johnburgh, DE 21050|Lake Samuel|Massachusetts|01243|517-719-6691
84|Wendy|Harrison|voconnor@example.net|663 Collins Causeway, New Jessica, MP 74361|East Tiffany|Arkansas|18656|247.661.6731x74197
85|Corey|Wilkerson|enelson@example.com|2493 Renee Mission Suite 999, Jameshaven, OK 11437|Davisshire|Michigan|33571|001-687-553-0320
86|Katherine|Lopez|ramirezroger@example.net|872 Price Vista Apt. 086, West Geraldmouth, GA 67548|Lake Joy|Nebraska|33887|(689)984-9918x800
87|Dana|Walker|meredith85@example.com|3165 Williams Mission, North Nicholas, KY 33827|Port Sarah|North Carolina|43375|(297)780-5769
88|Anna|Brown|benjamin49@example.net|67529 Ryan Burg Apt. 404, Lake Kathrynmouth, CA 95665|East Johnland|Georgia|90427|(548)842-0930x5381
89|Christopher|Morris|cthomas@example.org|PSC 8669, Box 2024, APO AP 43386|Port Rhondaland|Oregon|48150|753.348.3339x36772
90|Paul|Marshall|dpatterson@example.com|4374 Jones Canyon, Nicholasside, PW 51998|Kevinchester|Georgia|55147|+1-518-720-5776
91|Joseph|Gomez|cynthia22@example.org|378 Angela Cliffs Apt. 911, Moraleston, TN 65879|East Andrewside|South Carolina|32451|+1-435-993-7588x2443
92|Scott|Patel|austin40@example.org|30719 Lynn Valley Suite 230, Robinhaven, PR 48854|Jamesmouth|South Dakota|29236|+1-344-845-4231x03846
93|Sara|Mason|campbellbrittany@example.com|PSC 6822, Box 1006, APO AP 18368|Garciastad|Minnesota|21892|001-832-336-9946x21093
94|Justin|Daniels|danderson@example.org|314 Soto Ways Apt. 027, East Roberthaven, CO 61475|Julieshire|South Dakota|49920|+1-326-371-6253
95|Leah|Reynolds|pnewman@example.net|0786 Rhonda Forks Suite 856, Watkinsview, VI 61055|Katieshire|Rhode Island|79093|(376)781-7475x0344
96|Amanda|Andrade|hhorton@example.com|USCGC White, FPO AE 09829|Mooreland|Oklahoma|24173|905-237-3906x97722
97|James|Ramirez|dennislindsey@example.com|86087 Tyler Green Suite 052, Huertaport, RI 54409|Kelliefort|Nevada|69806|001-452-389-9358
98|Mark|Shepherd|taguirre@example.com|9397 Lisa Plain, New Teresaville, FL 02487|Alvarezmouth|Florida|99626|001-470-850-0721x95400
99|Jenna|Cabrera|mmoore@example.com|6133 Cherry Union, West Howard, MT 77799|North Heather|Arkansas|26129|001-266-466-9434x815
100|Nathan|Frazier|dawnburns@example.net|442 Tara Locks, Port Keithborough, VA 76190|Kathymouth|Illinois|42890|(840)853-2300
